"","FirstName","LastName","Department","Function","Location","HireDate"
"1","Riley","Morse","Engineering","Software Engineer","Munich, Germany",2013-05-20
"2","Mason","Petty","Marketing","VP, Marketing","Natick, MA",2014-01-16
"3","Luke","Buchanan","Finance","Controller","Waterford, CT",2015-10-19
"4","Parker","Wyatt","Engineering","QA Engineer","Hamilton, MA",2017-11-15
"5","Natalie","Norton","Engineering","Software Engineer","Colorado Springs, CO",2019-03-18
"6","Gavin","Kim","Support","Technical Support Engineer","Sammamish, WA",2017-11-15
"7","Ian","Oliver","Sales","Major Accounts Executive","Lake Oswego, OR",2018-02-01
"8","Jack","Lang","Engineering","QA Engineer","UK",2017-11-27
"9","Owen","Ramsey","Engineering","Software Engineer","San Diego, CA",2018-12-03
"10","Emily","Baird","Sales","Director of Worldwide New Business","Nashville, TN",2018-08-01
"11","Natalie","Cabrera","Engineering","Engineering lead","Newport, PA",2019-05-06
"12","Zoey","Vega","Marketing","Business Development Director","Durham, NC",2018-11-12
"13","Christian","Banks","Engineering","CEO","San Diego, CA",2018-05-21
"14","Jacob","Galvan","Support","Technical Support Engineer","Center Harbor, NH",2016-03-01
"15","Jeremiah","Villanueva","Engineering","Software Engineer","Austin, TX",2019-02-11
"16","Oliver","Warren","Engineering","CTO","Atlanta, GA",2018-02-05
"17","Grayson","Reed","Sales","Major Accounts Executive","Burbank, CA",2016-01-20
"18","Asher","Sellers","Engineering","Software Engineer","Jamaica Plain, MA",2017-05-08
"19","Jacob","Roy","Support","Support and QA Leader","Foxborough, MA",2018-07-09
"20","Connor","Moreno","Engineering","Software Engineer","Denmark",2017-05-08
"21","Jace","Peterson","Engineering","VP of Product Design","Philadelphia, PA",2018-10-10
"22","Hannah","Gonzales","Engineering","Software Engineer","BC, Canada",2018-06-01
"23","Ryan","Cross","Engineering","QA Engineer","Studio City, CA",2016-03-01
"24","Chloe","Moreno","Finance","VP, Finance","Eggleston, VA",2018-09-17
"25","Riley","Contreras","Engineering","QA Engineer","Boston, MA",2012-08-20
"26","Jacob","Hansen","Engineering","Software Engineer","Solon, OH",2019-04-29
"27","Olivia","Mccoy","Engineering","Software Engineer","Richardson, TX",2019-05-13
"28","Jacob","Gardner","Engineering","Software Engineer","San Jose, CA",2019-05-01
"29","Evan","Gibbs","IT","Web Developer","Somerville, MA",2019-04-01
"30","Anna","Middleton","Engineering","Software Engineer","Eggleston, VA",2018-10-22
"31","Jackson","Walker","Sales","Customer Success Rep","Austin, TX",2015-11-30
"32","Christopher","Meyers","Engineering","Software Engineer (Security)","Cambridge, MA",2018-03-12
"33","David","Mccarty","Support","Support and QA Leader","Jamaica Plain, MA",2016-03-15
"34","Lily","Hardy","Sales","Customer Success Rep","Oakville, ON",2019-02-19
"35","Brayden","Evans","Engineering","Software Engineer","Sharon, MA",2018-11-16
"36","Hunter","Tucker","Engineering","Software Engineer","Atlanta, GA",2017-04-24
"37","Josiah","Parks","Engineering","Software Engineer","Nashville, TN",2019-02-19
"38","Sofia","Hicks","Support","Support and QA Leader","São Paulo, Brazil",2018-11-12
"39","Jonathan","Woods","Engineering","QA Engineer","Stow, MA",2019-04-22
"40","Alexander","Watkins","Engineering","Software Architect","Arlington, MA",2016-07-01
"41","Jordan","George","Sales","Major Accounts Executive","Austin, TX",2017-05-08
"42","Nathan","Alvarez","Finance","Accountant","Richmond, VA",2018-04-23
"43","Connor","Vang","Sales","Customer Success Rep","Shelby Township, MI",2019-03-25
"44","John","Vazquez","Engineering","Software Engineer","Plainfield, NJ",2018-06-01
"45","Samuel","Roman","Support","Technical Support Engineer","Pembroke, VA",2009-09-21
"46","Cameron","Small","Engineering","Software Engineer","Nashville, TN",2018-04-02
"47","Ava","Fisher","Engineering","Software Engineer","Arvada, CO",2017-11-27
"48","Lucas","Gibson","Education","Data Scientist","Pembroke, VA",2017-03-13
"49","Isaiah","Parker","IT","Software Engineer","Seattle, WA",2017-01-16
"50","Jaxon","Irwin","Support","Technical Support Engineer","Lakewood, OH",2018-09-10
"51","Lucas","Mercado","Engineering","Engineering lead","Sharon, MA",2015-02-02
"52","Lincoln","Jenkins","Sales","VP, Customer Success","Austin, TX",2014-02-01
"53","Elijah","Lloyd","Engineering","CEO","Victoria, BC",2019-04-01
"54","Alexa","Harrington","Engineering","Software Engineer","San Francisco, CA",2019-03-04
"55","Harper","Barber","Engineering","Software Engineer","Addison, VT",2019-04-22
"56","Elizabeth","Bright","Engineering","QA Engineer","Arlington, VA",2018-04-23
"57","Nora","Ryan","Sales","Director Life Sciences Practice","Lakewood, OH",2016-08-13
"58","Joseph","Bentley","Engineering","Software Engineer","Shelby Township, MI",2018-04-02
"59","Jack","Kelly","Engineering","Software Engineer","Plainfield, NJ",2017-07-31
"60","James","Paul","Engineering","VP of Product Design","Austin, TX",2018-05-21
"61","Parker","Henry","Finance","Controller","Austin, TX",2019-03-18
"62","Savannah","Castro","Support","Technical Support Engineer","Austin, TX",2019-01-14
"63","Logan","Dodson","People Operations","Technical Recruiting Lead","Austin, TX",2019-04-22
"64","Camila","Stein","Support","Technical Support Engineer","San Diego, CA",2018-04-23
"65","Nathan","Bowman","Engineering","QA Engineer","Austin, TX",2013-05-20
"66","Penelope","Owen","Solutions Engineering","Solutions Engineer","Double Oak, TX",2014-05-06
"67","Lucas","Price","Solutions Engineering","Solutions Engineer","Quincy, MA",2018-04-09
"68","Eli","Page","Sales","Major Accounts Executive","Charlottesville, VA",2018-04-23
"69","Madison","Ritter","Sales","Customer Success Rep","UK",2017-11-15
"70","Evan","Hancock","IT","Web Developer","Cambridge, MA",2017-10-09
"71","Anna","Khan","Sales","Customer Success Rep","Lakewood, OH",2018-04-02
"72","Robert","Shelton","Engineering","Software Engineer","Kirkland, WA",2018-10-10
"73","Paisley","Francis","Sales","Enterprise Advocate","San Francisco, CA",2018-04-18
"74","Anna","Duarte","Sales","Director Life Sciences Practice","McLean, VA",2019-02-11
"75","Lucas","Blevins","Engineering","VP of Product Design","San Diego, CA",2019-03-04
"76","Gavin","Andersen","Engineering","Software Engineer","Austin, TX",2018-02-01
"77","Lincoln","Case","Engineering","QA Engineer","Columbus, OH",2016-01-04
"78","William","Hickman","People Operations","VP, People Operations","Seattle, WA",2013-08-05
"79","Connor","Bowman","Engineering","Software Engineer","Westfield, IN",2012-09-04
"80","Easton","Dorsey","Sales","Director Financial Services Practice","Jamaica Plain, MA",2015-10-19
"81","Elijah","Ferrell","Engineering","QA Engineer","Cambridge, MA",2016-03-15
"82","Landon","Alvarado","Finance","Accountant - Intern","Austin, TX",2019-03-11
"83","Ethan","Newton","Sales","Major Accounts Executive","Eden Prairie, MN",2018-04-23
"84","Skylar","Case","Engineering","Software Engineer (Security)","Newport, PA",2018-03-19
"85","Aaron","Bennett","Solutions Engineering","Solutions Engineer","Marblehead, MA",2018-11-15
"86","Natalie","Robbins","Engineering","Software Engineer - Contract","Alexandria, VA",2018-06-01
"87","Landon","Carrillo","Marketing","Marketing Manager","Portland, ME",2018-02-01
"88","Avery","Hunt","Engineering","Software Engineer","Foxborough, MA",2017-01-03
"89","Alexa","Bruce","IT","Web Developer","St Clair Shores, MI",2019-03-04
"90","Grace","Esparza","Engineering","Software Engineer","Portland, OR",2019-05-01
"91","Brooklyn","Shea","Engineering","Software Engineer","Quincy, MA",2018-03-12
"92","Emily","Ryan","Solutions Engineering","Solutions Engineer","Golden, CO",2019-03-04
"93","Caleb","Petersen","Sales","Customer Success Rep","UK",2017-11-15
"94","Dominic","Oconnor","Sales","Customer Success Rep","Lafayette, IN",2017-05-08
"95","Connor","Clay","Engineering","VP of Product Design","Oakville, ON",2019-04-08
"96","Josiah","May","Sales","Customer Success Rep","Lake Oswego, OR",2018-12-03
"97","Aiden","Hartman","Engineering","Software Engineer","Raleigh, NC",2009-01-01
"98","James","Patel","Engineering","QA Engineer","Allison Park, PA",2016-11-19
"99","Colton","Bowen","Education","Data Scientist","Cambridge, MA",2018-08-01
"100","Joshua","Solomon","G&A","Acting Business Manager","Lakewood, OH",2014-05-06
"101","Ryan","Flynn","Engineering","Software Engineer","Shelby Township, MI",2014-01-16
"102","Ariana","Cooper","Engineering","Software Engineer","San Francisco, CA",2018-06-22
"103","Riley","Spears","Marketing","Marketing and Events Manager","Marblehead, MA",2019-05-01
"104","Brandon","Fischer","Marketing","Evangelist","Toronto, ON",2019-02-04
"105","Owen","Vang","Engineering","Chief Scientist","Columbus, OH",2018-07-09
"106","Hannah","Valdez","Engineering","Chief Scientist","Raleigh, NC",2018-04-23
"107","Chloe","Crane","Engineering","QA Engineer","Lake Forest, CA",2018-07-16
"108","Lucas","Hughes","Engineering","Software Engineer","Carnation, WA",2016-10-01
"109","Chase","Hanna","Finance","Accountant","Dorchester, MA",2018-09-10
"110","Christopher","Cobb","People Operations","Payroll and Benefits Partner","Arvada, CO",2015-10-19
"111","Jose","Gonzales","Engineering","Software Engineer","Studio City, CA",2017-04-10
"112","Isaiah","Dominguez","Engineering","QA Engineer","Lake Forest, CA",2014-01-16
"113","Noah","Fry","Sales","Director of Worldwide New Business","Austin, TX",2009-01-01
"114","Benjamin","Wong","Sales","Director of Worldwide New Business","Austin, TX",2014-01-16
"115","Victoria","Abbott","Engineering","Software Engineer","Richmond, VA",2018-06-11
"116","Olivia","Vaughan","People Operations","VP, People Operations","Marblehead, MA",2018-02-01
"117","Grayson","Cox","Education","Data Scientist (PT)","Lafayette, IN",2017-03-13
"118","Sofia","Villanueva","People Operations","Technical Recruiting Lead","Kirkland, WA",2016-03-14
"119","Daniel","Mosley","Engineering","Engineering lead","Carnation, WA",2017-03-13
"120","Caleb","Patton","Engineering","Developer Advocate","Portland, ME",2018-12-03
"121","Asher","Miranda","Engineering","QA Engineer","Belgium",2017-01-03
"122","David","Houston","Engineering","Software Engineer","Houston, TX",2018-06-11
"123","Jackson","Good","Sales","Director of Worldwide New Business","McLean, VA",2017-11-01
"124","Zoey","Morrison","Support","Technical Support Engineer","UK",2016-03-28
"125","Aaron","Watkins","Engineering","Software Engineer","Lafayette, IN",2016-09-26
"126","Aiden","Avila","Engineering","Software Architect","West Newton, MA",2019-03-04
"127","Jayden","Dominguez","Sales","Enterprise Advocate","Brooklyn, NY",2017-10-09
"128","Natalie","Rosario","Engineering","Software Engineer","Stow, MA",2019-04-01
"129","Layla","Fernandez","G&A","President","Atlanta, GA",2019-05-01
"130","Isaac","Marsh","Engineering","Software Engineer","Elkhorn, NE",2018-04-09
"131","Henry","Gill","Engineering","Software Engineer","Pickerington, OH",2019-04-22
"132","Harper","Copeland","Engineering","Software Engineer","Shelby Township, MI",2017-01-03
"133","Isabella","Koch","Engineering","Site Reliability Engineer","San Diego, CA",2019-02-11
"134","Caleb","Chaney","Engineering","VP of Product Design","Edmonds, WA",2018-04-02
"135","Chase","Jacobs","G&A","Acting Business Manager","Lafayette, IN",2018-10-22
"136","Christopher","Austin","Engineering","Site Reliability Engineer","Pass Christian, MS",2016-03-01
"137","Dylan","Villa","Sales","Director Life Sciences Practice","Montreal, QC",2017-05-08
"138","Gabriel","Potts","Engineering","Software Engineer","Arlington, VA",2017-08-07
"139","Asher","Griffin","Marketing","VP, Marketing","Alexandria, VA",2018-06-01
"140","Jayden","Hays","Engineering","QA Engineer","Montpellier, France",2016-10-01
"141","Christian","Porter","Engineering","Software Engineer","Jamaica Plain, MA",2018-04-23
"142","Christopher","Snyder","Engineering","Software Engineer","Medford, MA",2019-04-01
"143","Brooklyn","Levine","Engineering","Software Engineer","Herriman, UT",2018-11-19
"144","Penelope","Aguirre","Sales","VP, Sales","West Newton, MA",2018-04-23
"145","Isaiah","Hicks","Engineering","Software Engineer","Pickerington, OH",2016-10-17
"146","Aiden","Mann","Engineering","Software Engineer","Pittsburgh, PA",2019-05-13
"147","Zoey","Beard","Engineering","Software Engineer (Security)","Littleton, CO",2019-04-29
"148","Thomas","Gregory","Engineering","Software Engineer","Raleigh, NC",2017-10-09
"149","Sofia","Fletcher","Marketing","VP, Marketing","West Newton, MA",2018-11-19
"150","Lincoln","Porter","Engineering","Software Engineer","Atlanta, GA",2015-11-16
"151","Wyatt","Hobbs","Engineering","Site Reliability Engineer","Watertown, MA",2018-12-03
"152","John","Pierce","Engineering","Software Engineer","Austin, TX",2018-05-21
"153","Camila","Downs","Solutions Engineering","Solutions Engineer","Addison, VT",2019-03-04
"154","Aiden","Schmitt","Engineering","Software Engineer","Sammamish, WA",2019-04-22
"155","Oliver","Bird","IT","Software Engineer","UK",2018-09-04
"156","Addison","Knox","Sales","Director Life Sciences Practice","Richmond, VA",2017-10-09
"157","Samuel","Sharp","Engineering","CTO","Richmond, VA",2013-08-05
"158","Harper","Mcfarland","Engineering","Software Engineer","Boston, MA",2018-04-02
"159","Leah","Anderson","Marketing","Evangelist","Portland, ME",2019-03-18
"160","Hannah","Haas","Engineering","Software Engineer","Raleigh, NC",2015-10-19
"161","Audrey","Bolton","Engineering","Software Engineer","Portland, OR",2018-05-21
"162","Gavin","Reeves","Engineering","Software Engineer","Pass Christian, MS",2016-10-17
"163","Daniel","Moon","People Operations","People Operations Partner","Austin, TX",2018-11-01
"164","Connor","Cantu","Engineering","Software Architect","Medford, MA",2018-04-09
"165","Dominic","Lam","Marketing","Field Marketing Specialist","Studio City, CA",2019-05-06
"166","Alexander","Clarke","Engineering","Software Engineer","Colorado Springs, CO",2012-09-04
"167","Charlotte","Mcbride","Marketing","Partners Marketing Specialist","Durham, NC",2017-11-15
"168","Anna","Lowe","Support","Technical Support Engineer","Cambridge, MA",2019-05-01
"169","Jonathan","Woodard","Engineering","Software Engineer","Cambridge, MA",2014-01-16
"170","Anna","Harding","Engineering","Site Reliability Engineer","Elkridge, MD",2014-02-17
"171","Owen","Hubbard","Solutions Engineering","Solutions Engineer","Montpellier, France",2018-07-16
"172","Robert","Shepherd","Engineering","Intern, RSPM","Victoria, BC",2019-04-29
"173","Hudson","Macias","Engineering","VP of Product Design","Toronto, ON",2019-04-01
"174","William","Snyder","Engineering","Software Engineer","Raleigh, NC",2018-04-30
"175","Jacob","Padilla","Engineering","Applied Researcher","Edmonds, WA",2018-06-04
"176","Gavin","Francis","Engineering","Software Engineer","BC, Canada",2017-10-16
"177","Nathan","Long","Solutions Engineering","Solutions Engineer","Carnation, WA",2018-11-16
"178","Charles","Petty","Finance","VP, Finance","São Paulo, Brazil",2016-10-17
"179","Joshua","Rush","Engineering","Software Engineer","Munich, Germany",2017-04-10
"180","Nolan","Estes","Sales","Customer Success Rep","Solon, OH",2017-11-15
"181","Savannah","Hooper","Engineering","Software Engineer","Seattle, WA",2015-10-19
"182","Lily","Diaz","Sales","Customer Success Rep","Quincy, MA",2019-04-01
"183","Austin","Chandler","Marketing","Marketing Director","UK",2018-10-01
"184","Oliver","Morrow","Engineering","Software Engineer","Addison, VT",2015-10-19
"185","Dominic","Reynolds","Engineering","Software Engineer","Atlanta, GA",2019-02-25
"186","Lily","Boyle","Marketing","Mktg Community Leader","San Jose, CA",2016-03-01
"187","Aaron","Durham","Engineering","QA Engineer","Kirkland, WA",2016-10-03
"188","Jonathan","Edwards","Engineering","Software Engineer","Mountain View, CA",2019-03-25
"189","Ian","Leon","Engineering","CEO","Sharon, MA",2019-05-20
"190","Anthony","Daugherty","Marketing","Partners Marketing Specialist","Falmouth, ME",2017-09-25
"191","Landon","Ramirez","Solutions Engineering","Solutions Engineer","Center Harbor, NH",2018-01-22
"192","William","Alvarado","Marketing","Mktg Community Leader","Charlottesville, VA",2018-09-10
"193","Sofia","Lara","Engineering","Software Engineer","Marblehead, MA",2015-04-13
"194","Chase","Hodge","Engineering","Software Engineer","Germany",2018-11-16
"195","Audrey","Walsh","Engineering","Software Engineer","Stow, MA",2016-03-15
"196","Isaac","Chang","Engineering","Software Engineer","Germany",2017-11-15
"197","Evelyn","Cortez","Solutions Engineering","Solutions Engineer","Philadelphia, PA",2018-06-01
"198","Robert","Mcgrath","Engineering","Software Engineer","Sammamish, WA",2016-03-14
"199","Skylar","Ford","Support","Technical Support Engineer","Austin, TX",2018-04-02
"200","Connor","Ward","Engineering","Software Engineer","McLean, VA",2015-02-02
"201","Riley","Mayo","Engineering","Software Engineer","Indianapolis, IN",2019-03-11
"202","Aria","Carrillo","Engineering","Software Engineer","Austin, TX",2019-04-22
"203","Joseph","Sharp","Marketing","Evangelist","Allison Park, PA",2014-05-06
"204","Riley","Schmidt","Solutions Engineering","Solutions Engineer","Foxborough, MA",2016-07-01
"205","Addison","Flores","Sales","Customer Success Rep","Littleton, CO",2019-04-08
"206","Joseph","Suarez","Marketing","Marketing Manager","Lake Forest, CA",2018-09-17
"207","Dylan","Bridges","Engineering","Software Engineer","Toronto, ON",2018-10-22
"208","Chloe","Davies","Engineering","Software Engineer","Sammamish, WA",2017-04-26
"209","Penelope","Wyatt","Finance","Accountant - Intern","Lincoln, MA",2019-04-01
"210","Grayson","Reed","Engineering","Software Engineer","West Newton, MA",2018-06-04
"211","Kevin","Meyer","Engineering","Software Engineer","Washington, DC",2019-02-04
"212","Elizabeth","Clarke","Engineering","Software Engineer","Colorado Springs, CO",2016-03-14
"213","Eli","Johnson","Engineering","Software Engineer","Hamilton, MA",2017-09-25
"214","Cooper","Hammond","Sales","Customer Success Rep","Nashville, TN",2016-10-17
"215","Jordan","Schultz","Education","Data Scientist","Westfield, IN",2019-05-01
"216","Samantha","Jarvis","Engineering","Software Engineer","UK",2019-05-06
"217","Nathan","Berger","Engineering","Engineering lead","Austin, TX",2012-08-20
"218","Cooper","Boyd","Marketing","Marketing and Events Manager","Edmonds, WA",2017-11-15
"219","Easton","Tyler","Engineering","Software Engineer","Elkhorn, NE",2018-08-01
"220","Anna","Barry","Solutions Engineering","Solutions Engineer","Jamaica Plain, MA",2018-03-19
"221","Penelope","Norman","Engineering","VP, Engineering","Elkhorn, NE",2018-11-01
"222","Scarlett","Hatfield","Engineering","Software Engineer","Double Oak, TX",2015-09-28
"223","Skylar","Barrera","Engineering","Software Engineer","Lake Oswego, OR",2013-05-06
"224","Jayden","Figueroa","Engineering","Software Engineer","Victoria, BC",2018-06-01
"225","Chase","Chavez","Engineering","Software Engineer","Boston, MA",2018-07-16
"226","Jayden","Austin","Engineering","QA Engineer","Medford, MA",2018-07-09
"227","Penelope","Bernard","Support","Support and QA Leader","Richardson, TX",2018-05-21
"228","Mia","Cannon","Engineering","Software Engineer","UK",2018-07-16
"229","Alexander","Pham","Education","Data Scientist","Austin, TX",2016-03-01
"230","Hudson","English","Engineering","Developer Advocate","Montreal, QC",2014-02-01
"231","Paisley","Mccall","Support","Technical Support Engineer","Medway, MA",2016-03-15
"232","Chloe","Dixon","Engineering","Software Engineer","Atlanta, GA",2018-09-04
"233","Mason","Cisneros","Marketing","Evangelist","Elkhorn, NE",2015-10-19
"234","Owen","Riggs","Engineering","Developer Advocate","Marblehead, MA",2019-05-20
"235","William","Charles","Engineering","Software Engineer","Sammamish, WA",2017-11-15
"236","Christian","Ballard","Engineering","Software Engineer","Philadelphia, PA",2019-04-22
"237","Christian","Peters","Sales","Customer Success Rep","Double Oak, TX",2019-02-11
"238","John","Johnson","Engineering","VP of Product Design","Montpellier, France",2018-03-12
"239","Benjamin","Hayden","Engineering","QA Engineer","Eggleston, VA",2019-02-11
"240","Aiden","Castillo","Solutions Engineering","Solutions Engineer","Seattle, WA",2019-04-08
"241","Samantha","Gonzalez","Engineering","QA Engineer","Golden, CO",2019-02-11
"242","Henry","Holden","Engineering","Software Engineer","Lake Oswego, OR",2018-06-01
"243","Parker","Bates","Sales","Customer Success Rep","Nashville, TN",2017-11-15
"244","Grace","Mills","Engineering","Intern","Center Harbor, NH",2017-05-08
"245","Alexander","Newton","Sales","VP, Sales","Golden, CO",2016-11-14
"246","Hannah","Deleon","Engineering","QA Engineer","Doral, FL",2014-05-06
"247","Benjamin","Hubbard","Engineering","Software Engineer","Boston, MA",2016-11-14
"248","Ella","Hess","Sales","Sales Operations Specialist","Santa Ana, CA",2018-06-11
"249","Logan","Lynn","Engineering","Software Engineer","Sammamish, WA",2016-08-13
"250","Ian","Morris","Engineering","Site Reliability Engineer","Lake Forest, CA",2017-09-25
